filename, dx, dy, angle, scale
Images/SPI-AOI-TEST-0000.jpeg,35,-25,-24.3674,1.06528
Images/SPI-AOI-TEST-0001.jpeg,-27,-49,7.03819,1.09098
Images/SPI-AOI-TEST-0002.jpeg,-22,-43,-4.11525,1.07939
Images/SPI-AOI-TEST-0003.jpeg,36,6,25.9662,0.986133
Images/SPI-AOI-TEST-0004.jpeg,13,-3,29.5416,1.0869
Images/SPI-AOI-TEST-0005.jpeg,-44,-22,-13.5831,0.954887
Images/SPI-AOI-TEST-0006.jpeg,18,16,25.57,0.911292
Images/SPI-AOI-TEST-0007.jpeg,4,-11,10.7741,0.948644
Images/SPI-AOI-TEST-0008.jpeg,-20,10,0.779165,0.976704
Images/SPI-AOI-TEST-0009.jpeg,-40,-21,21.9517,1.00957
Images/SPI-AOI-TEST-0010.jpeg,-41,-24,0.10438,0.908144
Images/SPI-AOI-TEST-0011.jpeg,35,43,-24.5899,0.962125
Images/SPI-AOI-TEST-0012.jpeg,-27,25,-28.5561,0.933843
Images/SPI-AOI-TEST-0013.jpeg,-13,42,-20.8776,1.09337
Images/SPI-AOI-TEST-0014.jpeg,-26,-36,-8.68388,0.902058
Images/SPI-AOI-TEST-0015.jpeg,-22,-25,23.8542,1.0042
Images/SPI-AOI-TEST-0016.jpeg,48,27,-12.0238,0.997662
Images/SPI-AOI-TEST-0017.jpeg,0,50,27.9629,0.927401
Images/SPI-AOI-TEST-0018.jpeg,-35,13,29.3575,0.901706
Images/SPI-AOI-TEST-0019.jpeg,-29,-23,3.83239,1.04722
Images/SPI-AOI-TEST-0020.jpeg,36,17,-29.7628,1.05621
Images/SPI-AOI-TEST-0021.jpeg,42,28,-20.2499,1.07675
Images/SPI-AOI-TEST-0022.jpeg,28,-5,-20.844,1.04145
Images/SPI-AOI-TEST-0023.jpeg,13,9,26.2725,0.941904
Images/SPI-AOI-TEST-0024.jpeg,28,13,-2.84934,1.08909
Images/SPI-AOI-TEST-0025.jpeg,-37,-36,1.39187,0.964732
Images/SPI-AOI-TEST-0026.jpeg,8,38,26.8486,0.955302
Images/SPI-AOI-TEST-0027.jpeg,36,15,-6.49303,0.971672
Images/SPI-AOI-TEST-0028.jpeg,-37,32,-14.6944,0.931904
Images/SPI-AOI-TEST-0029.jpeg,27,17,-2.49886,1.05627
Images/SPI-AOI-TEST-0030.jpeg,-19,-19,13.8062,1.03716
Images/SPI-AOI-TEST-0031.jpeg,19,-40,-18.6666,1.04259
Images/SPI-AOI-TEST-0032.jpeg,7,-1,13.3024,0.924278
Images/SPI-AOI-TEST-0033.jpeg,-6,30,18.581,1.01533
Images/SPI-AOI-TEST-0034.jpeg,42,17,21.0852,0.914258
Images/SPI-AOI-TEST-0035.jpeg,12,43,15.7872,1.01428
Images/SPI-AOI-TEST-0036.jpeg,35,-28,15.347,0.98269
Images/SPI-AOI-TEST-0037.jpeg,-28,12,11.0834,1.06488
Images/SPI-AOI-TEST-0038.jpeg,-38,9,27.4923,1.00501
Images/SPI-AOI-TEST-0039.jpeg,-6,-3,-13.1905,0.945261
Images/SPI-AOI-TEST-0040.jpeg,19,-13,22.7565,1.09071
Images/SPI-AOI-TEST-0041.jpeg,-19,-20,21.3186,0.955316
Images/SPI-AOI-TEST-0042.jpeg,19,10,3.89197,0.931839
Images/SPI-AOI-TEST-0043.jpeg,8,5,-5.86713,1.07579
Images/SPI-AOI-TEST-0044.jpeg,37,42,17.6129,1.09339
Images/SPI-AOI-TEST-0045.jpeg,25,19,6.77422,1.02193
Images/SPI-AOI-TEST-0046.jpeg,-28,-46,5.52832,0.921534
Images/SPI-AOI-TEST-0047.jpeg,3,-4,-24.3061,0.916137
Images/SPI-AOI-TEST-0048.jpeg,-20,-42,-1.38815,0.960719
Images/SPI-AOI-TEST-0049.jpeg,-8,-14,-27.8166,0.936741
Images/SPI-AOI-TEST-0050.jpeg,50,27,-15.2228,0.905006
Images/SPI-AOI-TEST-0051.jpeg,-23,12,10.9208,0.975148
Images/SPI-AOI-TEST-0052.jpeg,-49,25,2.63942,0.956877
Images/SPI-AOI-TEST-0053.jpeg,-29,-3,-10.9924,1.02182
Images/SPI-AOI-TEST-0054.jpeg,43,-4,-11.9012,0.954163
Images/SPI-AOI-TEST-0055.jpeg,-11,9,-8.57455,1.07062
Images/SPI-AOI-TEST-0056.jpeg,-44,1,10.1837,0.978394
Images/SPI-AOI-TEST-0057.jpeg,-29,-23,-27.6549,1.00802
Images/SPI-AOI-TEST-0058.jpeg,20,-26,-3.48199,0.923005
Images/SPI-AOI-TEST-0059.jpeg,-21,-38,-23.2793,1.09348
Images/SPI-AOI-TEST-0060.jpeg,8,-26,-5.53325,0.979177
Images/SPI-AOI-TEST-0061.jpeg,38,-44,-6.66817,1.05503
Images/SPI-AOI-TEST-0062.jpeg,34,49,-19.6823,1.06586
Images/SPI-AOI-TEST-0063.jpeg,25,38,23.173,0.950866
Images/SPI-AOI-TEST-0064.jpeg,-47,50,-26.7798,0.942454
Images/SPI-AOI-TEST-0065.jpeg,7,31,-28.3513,0.909742
Images/SPI-AOI-TEST-0066.jpeg,18,-18,-14.2601,0.983627
Images/SPI-AOI-TEST-0067.jpeg,23,-33,11.5192,0.93326
Images/SPI-AOI-TEST-0068.jpeg,42,-46,13.5029,0.918396
Images/SPI-AOI-TEST-0069.jpeg,7,-23,-21.6949,0.906103
Images/SPI-AOI-TEST-0070.jpeg,23,-4,5.58452,0.97565
Images/SPI-AOI-TEST-0071.jpeg,-5,-42,-28.1847,0.939599
Images/SPI-AOI-TEST-0072.jpeg,-23,-6,29.4178,1.08998
Images/SPI-AOI-TEST-0073.jpeg,25,32,-9.03822,1.0898
Images/SPI-AOI-TEST-0074.jpeg,31,-29,-26.4115,0.931485
Images/SPI-AOI-TEST-0075.jpeg,43,38,-21.8111,0.90792
Images/SPI-AOI-TEST-0076.jpeg,21,-30,25.5451,0.984232
Images/SPI-AOI-TEST-0077.jpeg,-33,22,-5.53389,1.0132
Images/SPI-AOI-TEST-0078.jpeg,35,-28,20.8698,0.922192
Images/SPI-AOI-TEST-0079.jpeg,-33,27,0.686347,1.09255
Images/SPI-AOI-TEST-0080.jpeg,-41,-19,-14.4997,1.05811
Images/SPI-AOI-TEST-0081.jpeg,11,-37,-18.0281,1.03772
Images/SPI-AOI-TEST-0082.jpeg,-8,-12,-12.172,1.06343
Images/SPI-AOI-TEST-0083.jpeg,-47,33,-29.4652,0.995729
Images/SPI-AOI-TEST-0084.jpeg,-27,-16,24.596,1.04213
Images/SPI-AOI-TEST-0085.jpeg,-44,-40,15.9522,1.0995
Images/SPI-AOI-TEST-0086.jpeg,-49,17,14.5892,0.900456
Images/SPI-AOI-TEST-0087.jpeg,3,-47,12.0702,0.930494
Images/SPI-AOI-TEST-0088.jpeg,-30,29,-22.0642,0.97138
Images/SPI-AOI-TEST-0089.jpeg,-38,9,-10.9414,0.984947
Images/SPI-AOI-TEST-0090.jpeg,46,-40,-9.70945,0.944591
Images/SPI-AOI-TEST-0091.jpeg,-2,-31,-28.9475,1.08147
Images/SPI-AOI-TEST-0092.jpeg,17,20,14.3511,0.930267
Images/SPI-AOI-TEST-0093.jpeg,-47,24,-27.8851,0.931391
Images/SPI-AOI-TEST-0094.jpeg,-25,0,22.5494,0.908392
Images/SPI-AOI-TEST-0095.jpeg,-12,-44,9.68662,1.06849
Images/SPI-AOI-TEST-0096.jpeg,15,-15,12.2161,1.07054
Images/SPI-AOI-TEST-0097.jpeg,-27,-45,12.191,0.916097
Images/SPI-AOI-TEST-0098.jpeg,36,23,-15.0268,0.941004
Images/SPI-AOI-TEST-0099.jpeg,42,19,-13.9567,0.95987
Images/SPI-AOI-TEST-0100.jpeg,-40,23,-21.5418,0.996962
Images/SPI-AOI-TEST-0101.jpeg,-35,-33,-23.0906,0.969299
Images/SPI-AOI-TEST-0102.jpeg,8,34,5.14437,0.961671
Images/SPI-AOI-TEST-0103.jpeg,-1,-17,21.3697,0.918173
Images/SPI-AOI-TEST-0104.jpeg,47,-15,14.6414,0.951489
Images/SPI-AOI-TEST-0105.jpeg,-30,-33,-17.0338,1.07062
Images/SPI-AOI-TEST-0106.jpeg,-29,-26,-23.006,0.918419
Images/SPI-AOI-TEST-0107.jpeg,-16,-38,21.406,0.911782
Images/SPI-AOI-TEST-0108.jpeg,-45,24,-16.6404,1.0279
Images/SPI-AOI-TEST-0109.jpeg,48,30,8.03356,1.07895
Images/SPI-AOI-TEST-0110.jpeg,5,-16,-16.6239,0.986042
Images/SPI-AOI-TEST-0111.jpeg,23,-38,-15.4749,1.02204
Images/SPI-AOI-TEST-0112.jpeg,-10,-6,-23.1904,0.985034
Images/SPI-AOI-TEST-0113.jpeg,46,35,12.5222,0.993421
Images/SPI-AOI-TEST-0114.jpeg,-3,-31,-26.2864,0.944894
Images/SPI-AOI-TEST-0115.jpeg,-45,-3,-13.0883,0.957277
Images/SPI-AOI-TEST-0116.jpeg,-44,20,6.61544,0.90054
Images/SPI-AOI-TEST-0117.jpeg,-48,-15,16.4769,0.919168
Images/SPI-AOI-TEST-0118.jpeg,12,13,-4.82629,1.01278
Images/SPI-AOI-TEST-0119.jpeg,30,-15,20.8437,0.912674
Images/SPI-AOI-TEST-0120.jpeg,-34,-45,-28.6778,1.02086
Images/SPI-AOI-TEST-0121.jpeg,22,-21,10.0215,1.04869
Images/SPI-AOI-TEST-0122.jpeg,-1,-20,-5.95452,1.05002
Images/SPI-AOI-TEST-0123.jpeg,11,13,-20.0607,0.923412
Images/SPI-AOI-TEST-0124.jpeg,25,26,-23.4388,0.936714
Images/SPI-AOI-TEST-0125.jpeg,11,9,-28.6061,0.988493
Images/SPI-AOI-TEST-0126.jpeg,-31,-11,-23.5005,1.01006
Images/SPI-AOI-TEST-0127.jpeg,-45,42,-25.9751,1.00384
Images/SPI-AOI-TEST-0128.jpeg,-43,-21,1.92539,1.04194
Images/SPI-AOI-TEST-0129.jpeg,-42,12,-25.5458,1.02256
Images/SPI-AOI-TEST-0130.jpeg,-50,-32,-21.614,1.01393
Images/SPI-AOI-TEST-0131.jpeg,-19,-29,-0.919961,1.00803
Images/SPI-AOI-TEST-0132.jpeg,-28,-40,10.8878,1.07468
Images/SPI-AOI-TEST-0133.jpeg,-37,23,-0.45764,0.938776
Images/SPI-AOI-TEST-0134.jpeg,40,-36,8.47354,0.905205
Images/SPI-AOI-TEST-0135.jpeg,35,-7,-7.79102,0.912499
Images/SPI-AOI-TEST-0136.jpeg,29,-36,8.951,0.943279
Images/SPI-AOI-TEST-0137.jpeg,-37,9,23.7719,0.950551
Images/SPI-AOI-TEST-0138.jpeg,1,8,0.883532,1.0209
Images/SPI-AOI-TEST-0139.jpeg,-17,45,-14.0049,0.957302
Images/SPI-AOI-TEST-0140.jpeg,-29,8,-26.9307,1.01805
Images/SPI-AOI-TEST-0141.jpeg,4,-6,13.2745,0.948802
Images/SPI-AOI-TEST-0142.jpeg,-8,48,19.4215,0.911164
Images/SPI-AOI-TEST-0143.jpeg,40,36,-22.5046,1.07624
Images/SPI-AOI-TEST-0144.jpeg,33,39,7.23991,1.06871
Images/SPI-AOI-TEST-0145.jpeg,-36,7,-9.14482,1.02403
Images/SPI-AOI-TEST-0146.jpeg,31,-6,-16.0968,0.950567
Images/SPI-AOI-TEST-0147.jpeg,19,17,-6.75608,1.04082
Images/SPI-AOI-TEST-0148.jpeg,-35,-13,-18.8057,1.04892
Images/SPI-AOI-TEST-0149.jpeg,-12,-12,24.236,0.964101
Images/SPI-AOI-TEST-0150.jpeg,-31,32,6.91421,1.07105
Images/SPI-AOI-TEST-0151.jpeg,-16,-22,3.02777,0.929199
Images/SPI-AOI-TEST-0152.jpeg,-29,49,26.3832,1.09383
Images/SPI-AOI-TEST-0153.jpeg,-14,-13,-5.27449,1.08223
Images/SPI-AOI-TEST-0154.jpeg,13,-39,29.323,1.08011
Images/SPI-AOI-TEST-0155.jpeg,-41,-37,27.4929,1.01329
Images/SPI-AOI-TEST-0156.jpeg,-47,-12,22.3533,1.05657
Images/SPI-AOI-TEST-0157.jpeg,14,-32,7.82965,0.930768
Images/SPI-AOI-TEST-0158.jpeg,-46,11,10.4701,0.980989
Images/SPI-AOI-TEST-0159.jpeg,16,-22,-19.5131,1.02739
Images/SPI-AOI-TEST-0160.jpeg,-46,-13,20.2896,0.997541
Images/SPI-AOI-TEST-0161.jpeg,28,-10,25.0179,0.929471
Images/SPI-AOI-TEST-0162.jpeg,36,-50,12.9658,0.962747
Images/SPI-AOI-TEST-0163.jpeg,-19,-40,-10.3438,0.929038
Images/SPI-AOI-TEST-0164.jpeg,7,14,-8.41719,1.03008
Images/SPI-AOI-TEST-0165.jpeg,-40,20,17.7865,1.06472
Images/SPI-AOI-TEST-0166.jpeg,-34,-34,-17.3821,0.936165
Images/SPI-AOI-TEST-0167.jpeg,-45,-48,-19.6596,0.973289
Images/SPI-AOI-TEST-0168.jpeg,-2,-30,-8.09786,1.05925
Images/SPI-AOI-TEST-0169.jpeg,-33,-15,-6.36876,0.952318
Images/SPI-AOI-TEST-0170.jpeg,-29,0,0.72563,1.03419
Images/SPI-AOI-TEST-0171.jpeg,-43,1,-13.8613,1.04291
Images/SPI-AOI-TEST-0172.jpeg,-25,-38,-28.2061,1.02044
Images/SPI-AOI-TEST-0173.jpeg,-36,22,27.6868,1.0663
Images/SPI-AOI-TEST-0174.jpeg,-28,-47,10.5799,1.04388
Images/SPI-AOI-TEST-0175.jpeg,-14,24,-18.6649,0.92326
Images/SPI-AOI-TEST-0176.jpeg,17,10,-11.1303,0.918811
Images/SPI-AOI-TEST-0177.jpeg,49,-46,3.21498,1.06611
Images/SPI-AOI-TEST-0178.jpeg,-48,39,16.446,0.998655
Images/SPI-AOI-TEST-0179.jpeg,-16,-13,-21.7933,0.983579
Images/SPI-AOI-TEST-0180.jpeg,1,33,-13.3716,0.968752
Images/SPI-AOI-TEST-0181.jpeg,-40,-13,-2.41451,1.05256
Images/SPI-AOI-TEST-0182.jpeg,18,-16,-21.5523,0.933732
Images/SPI-AOI-TEST-0183.jpeg,22,-21,4.43819,0.987263
Images/SPI-AOI-TEST-0184.jpeg,-35,-41,25.0976,1.00007
Images/SPI-AOI-TEST-0185.jpeg,-46,-16,-28.327,0.967616
Images/SPI-AOI-TEST-0186.jpeg,-48,30,-27.9996,0.974819
Images/SPI-AOI-TEST-0187.jpeg,-46,-49,-22.1703,1.08166
Images/SPI-AOI-TEST-0188.jpeg,-22,9,-12.579,0.934106
Images/SPI-AOI-TEST-0189.jpeg,-14,-44,-23.8233,1.08741
Images/SPI-AOI-TEST-0190.jpeg,-1,43,-4.50055,0.927299
Images/SPI-AOI-TEST-0191.jpeg,-33,29,7.90122,1.09458
Images/SPI-AOI-TEST-0192.jpeg,14,-27,-0.730801,1.07022
Images/SPI-AOI-TEST-0193.jpeg,-23,41,22.227,1.05752
Images/SPI-AOI-TEST-0194.jpeg,19,-30,-6.17228,0.972097
Images/SPI-AOI-TEST-0195.jpeg,3,-10,14.6172,1.03007
Images/SPI-AOI-TEST-0196.jpeg,34,26,-17.911,1.02847
Images/SPI-AOI-TEST-0197.jpeg,13,5,-12.5237,1.00108
Images/SPI-AOI-TEST-0198.jpeg,50,-8,2.86624,0.957784
Images/SPI-AOI-TEST-0199.jpeg,-21,15,21.9264,1.05255
Images/SPI-AOI-TEST-0200.jpeg,-48,-10,-29.8754,0.944045
Images/SPI-AOI-TEST-0201.jpeg,-35,-18,10.476,1.05298
Images/SPI-AOI-TEST-0202.jpeg,40,-8,-18.7506,1.02687
Images/SPI-AOI-TEST-0203.jpeg,-50,22,-21.8693,0.925952
Images/SPI-AOI-TEST-0204.jpeg,2,21,-21.7624,0.915581
Images/SPI-AOI-TEST-0205.jpeg,19,-45,21.5613,0.999248
Images/SPI-AOI-TEST-0206.jpeg,-5,20,18.8308,1.07403
Images/SPI-AOI-TEST-0207.jpeg,-24,-9,17.8827,0.965644
Images/SPI-AOI-TEST-0208.jpeg,-3,25,12.5518,1.00442
Images/SPI-AOI-TEST-0209.jpeg,43,3,5.26242,1.00561
Images/SPI-AOI-TEST-0210.jpeg,-25,-20,-24.2521,1.07179
Images/SPI-AOI-TEST-0211.jpeg,33,11,10.6428,1.08432
Images/SPI-AOI-TEST-0212.jpeg,-1,2,23.9936,0.912382
Images/SPI-AOI-TEST-0213.jpeg,20,38,-27.9177,0.939135
Images/SPI-AOI-TEST-0214.jpeg,42,-6,-2.87823,0.90409
Images/SPI-AOI-TEST-0215.jpeg,24,27,-18.4701,1.09668
Images/SPI-AOI-TEST-0216.jpeg,-5,38,-26.2099,1.01651
Images/SPI-AOI-TEST-0217.jpeg,-46,48,25.8104,0.939903
Images/SPI-AOI-TEST-0218.jpeg,31,-6,-27.1731,0.911097
Images/SPI-AOI-TEST-0219.jpeg,25,49,14.1871,1.02657
Images/SPI-AOI-TEST-0220.jpeg,-16,-29,-8.29505,0.975965
Images/SPI-AOI-TEST-0221.jpeg,47,-7,-15.2145,0.945294
Images/SPI-AOI-TEST-0222.jpeg,-5,35,20.8905,0.98409
Images/SPI-AOI-TEST-0223.jpeg,-37,45,23.4848,1.0449
Images/SPI-AOI-TEST-0224.jpeg,41,20,8.26001,0.921591
Images/SPI-AOI-TEST-0225.jpeg,38,35,-15.6663,0.966972
Images/SPI-AOI-TEST-0226.jpeg,1,-15,-9.30117,1.01631
Images/SPI-AOI-TEST-0227.jpeg,21,-39,15.1337,1.05201
Images/SPI-AOI-TEST-0228.jpeg,-7,3,27.1592,1.00804
Images/SPI-AOI-TEST-0229.jpeg,0,-6,-16.4361,1.09387
Images/SPI-AOI-TEST-0230.jpeg,48,16,9.64239,1.0276
Images/SPI-AOI-TEST-0231.jpeg,16,48,-11.0275,1.08332
Images/SPI-AOI-TEST-0232.jpeg,-42,24,16.7657,1.05167
Images/SPI-AOI-TEST-0233.jpeg,19,-28,9.834,0.996824
Images/SPI-AOI-TEST-0234.jpeg,19,-37,-0.683168,0.914734
Images/SPI-AOI-TEST-0235.jpeg,-27,-37,26.0986,0.955841
Images/SPI-AOI-TEST-0236.jpeg,-7,9,23.6936,1.071
Images/SPI-AOI-TEST-0237.jpeg,-5,35,26.0842,1.06428
Images/SPI-AOI-TEST-0238.jpeg,32,40,-11.5471,0.951344
Images/SPI-AOI-TEST-0239.jpeg,17,-2,20.3781,1.0231
Images/SPI-AOI-TEST-0240.jpeg,-22,-48,22.0357,1.03949
Images/SPI-AOI-TEST-0241.jpeg,-38,-35,21.4882,1.0292
Images/SPI-AOI-TEST-0242.jpeg,5,25,-9.33934,0.959392
Images/SPI-AOI-TEST-0243.jpeg,11,42,22.0139,1.06814
Images/SPI-AOI-TEST-0244.jpeg,-4,27,16.8022,0.941657
Images/SPI-AOI-TEST-0245.jpeg,39,-5,-5.46539,0.996972
Images/SPI-AOI-TEST-0246.jpeg,17,43,-23.0252,1.01935
Images/SPI-AOI-TEST-0247.jpeg,34,-7,5.03248,0.916092
Images/SPI-AOI-TEST-0248.jpeg,-45,10,-16.9628,1.02622
Images/SPI-AOI-TEST-0249.jpeg,4,48,-27.0081,0.960521
Images/SPI-AOI-TEST-0250.jpeg,50,21,5.40182,0.921325
Images/SPI-AOI-TEST-0251.jpeg,5,-11,-23.5945,0.921852
Images/SPI-AOI-TEST-0252.jpeg,14,-30,-14.4244,0.926077
Images/SPI-AOI-TEST-0253.jpeg,5,45,18.1369,1.02909
Images/SPI-AOI-TEST-0254.jpeg,0,-12,-22.961,1.00168
Images/SPI-AOI-TEST-0255.jpeg,31,6,18.9853,0.950973
Images/SPI-AOI-TEST-0256.jpeg,-28,-33,29.3966,0.995045
Images/SPI-AOI-TEST-0257.jpeg,11,-18,18.2921,0.960946
Images/SPI-AOI-TEST-0258.jpeg,45,-5,-19.7998,0.949363
Images/SPI-AOI-TEST-0259.jpeg,-1,24,-14.2096,1.00397
Images/SPI-AOI-TEST-0260.jpeg,32,29,23.7588,0.96659
Images/SPI-AOI-TEST-0261.jpeg,-49,-26,-1.47006,1.098
Images/SPI-AOI-TEST-0262.jpeg,26,-3,-20.328,1.06932
Images/SPI-AOI-TEST-0263.jpeg,7,-49,-25.9611,1.05348
Images/SPI-AOI-TEST-0264.jpeg,-1,4,21.1807,1.09792
Images/SPI-AOI-TEST-0265.jpeg,-19,8,19.7161,0.986354
Images/SPI-AOI-TEST-0266.jpeg,-41,-5,0.643778,1.08311
Images/SPI-AOI-TEST-0267.jpeg,-50,-29,-26.7222,0.953421
Images/SPI-AOI-TEST-0268.jpeg,18,9,-7.36853,1.02936
Images/SPI-AOI-TEST-0269.jpeg,23,-11,-22.3604,1.096
Images/SPI-AOI-TEST-0270.jpeg,-47,34,-2.49601,1.03121
Images/SPI-AOI-TEST-0271.jpeg,46,7,23.1104,1.05391
Images/SPI-AOI-TEST-0272.jpeg,28,-4,12.5236,1.08435
Images/SPI-AOI-TEST-0273.jpeg,4,-22,26.0629,1.08882
Images/SPI-AOI-TEST-0274.jpeg,44,-33,6.59307,1.01435
Images/SPI-AOI-TEST-0275.jpeg,17,-29,-20.0849,0.927405
Images/SPI-AOI-TEST-0276.jpeg,-42,-11,-1.78581,1.04985
Images/SPI-AOI-TEST-0277.jpeg,39,-33,19.9774,0.912283
Images/SPI-AOI-TEST-0278.jpeg,31,4,-2.41501,0.937108
Images/SPI-AOI-TEST-0279.jpeg,-39,-5,6.08225,0.97221
Images/SPI-AOI-TEST-0280.jpeg,5,-19,3.45124,0.905488
Images/SPI-AOI-TEST-0281.jpeg,29,21,-19.6135,1.02134
Images/SPI-AOI-TEST-0282.jpeg,26,-10,18.1931,1.01975
Images/SPI-AOI-TEST-0283.jpeg,-28,24,-26.6374,1.08177
Images/SPI-AOI-TEST-0284.jpeg,10,-4,-16.6348,1.03794
Images/SPI-AOI-TEST-0285.jpeg,7,26,-17.6824,1.05492
Images/SPI-AOI-TEST-0286.jpeg,-23,46,-10.7273,0.917676
Images/SPI-AOI-TEST-0287.jpeg,20,-13,-25.623,0.932547
Images/SPI-AOI-TEST-0288.jpeg,47,48,-14.7874,0.960373
Images/SPI-AOI-TEST-0289.jpeg,44,-25,29.1446,1.09993
Images/SPI-AOI-TEST-0290.jpeg,41,42,0.20233,0.982013
Images/SPI-AOI-TEST-0291.jpeg,36,-35,-13.6348,0.977267
Images/SPI-AOI-TEST-0292.jpeg,-33,8,-23.5455,0.91095
Images/SPI-AOI-TEST-0293.jpeg,-39,37,-12.8149,1.08328
Images/SPI-AOI-TEST-0294.jpeg,-46,6,12.6395,0.939259
Images/SPI-AOI-TEST-0295.jpeg,24,27,6.59272,0.946059
Images/SPI-AOI-TEST-0296.jpeg,40,7,8.13466,1.08497
Images/SPI-AOI-TEST-0297.jpeg,19,-9,0.313121,1.02316
Images/SPI-AOI-TEST-0298.jpeg,43,-6,-20.7587,1.05993
Images/SPI-AOI-TEST-0299.jpeg,48,8,-24.3796,1.04704
Images/SPI-AOI-TEST-0300.jpeg,-28,42,-3.15487,0.953102
Images/SPI-AOI-TEST-0301.jpeg,30,49,-11.7613,1.02502
Images/SPI-AOI-TEST-0302.jpeg,38,-33,-0.881115,1.0946
Images/SPI-AOI-TEST-0303.jpeg,3,-25,-13.2727,0.96391
Images/SPI-AOI-TEST-0304.jpeg,23,9,21.6576,1.02063
Images/SPI-AOI-TEST-0305.jpeg,-22,-27,-11.5702,0.992692
Images/SPI-AOI-TEST-0306.jpeg,0,-23,-16.9311,0.921985
Images/SPI-AOI-TEST-0307.jpeg,21,-35,9.90893,0.966503
Images/SPI-AOI-TEST-0308.jpeg,7,-35,24.7023,1.02793
Images/SPI-AOI-TEST-0309.jpeg,-23,-42,-3.51593,1.07594
Images/SPI-AOI-TEST-0310.jpeg,-33,44,11.2952,0.909288
Images/SPI-AOI-TEST-0311.jpeg,38,-9,-6.12415,1.03245
Images/SPI-AOI-TEST-0312.jpeg,-8,13,7.68753,0.978509
Images/SPI-AOI-TEST-0313.jpeg,7,-1,-2.25262,1.07557
Images/SPI-AOI-TEST-0314.jpeg,-6,45,-25.1113,0.969971
Images/SPI-AOI-TEST-0315.jpeg,31,36,0.388566,1.02064
Images/SPI-AOI-TEST-0316.jpeg,-42,11,-28.4773,1.03055
Images/SPI-AOI-TEST-0317.jpeg,-42,45,12.6535,0.938042
Images/SPI-AOI-TEST-0318.jpeg,-29,-18,-29.4333,0.969498
Images/SPI-AOI-TEST-0319.jpeg,8,-16,-9.49525,0.931947
Images/SPI-AOI-TEST-0320.jpeg,-46,-44,-9.83083,0.947167
Images/SPI-AOI-TEST-0321.jpeg,-42,-47,11.5034,0.933355
Images/SPI-AOI-TEST-0322.jpeg,24,35,22.2878,0.943039
Images/SPI-AOI-TEST-0323.jpeg,8,-31,-12.8309,0.969705
Images/SPI-AOI-TEST-0324.jpeg,-39,36,-23.2488,0.906135
Images/SPI-AOI-TEST-0325.jpeg,-50,28,-28.8572,0.917912
Images/SPI-AOI-TEST-0326.jpeg,-18,48,-28.0282,0.961518
Images/SPI-AOI-TEST-0327.jpeg,-16,2,-11.2487,0.946886
Images/SPI-AOI-TEST-0328.jpeg,-25,28,-14.3184,0.937149
Images/SPI-AOI-TEST-0329.jpeg,14,-2,-12.8749,1.06642
Images/SPI-AOI-TEST-0330.jpeg,-33,26,1.06603,0.975046
Images/SPI-AOI-TEST-0331.jpeg,-35,-11,20.4388,1.07759
Images/SPI-AOI-TEST-0332.jpeg,-10,50,-22.2877,0.944868
Images/SPI-AOI-TEST-0333.jpeg,28,-32,17.4486,1.05797
Images/SPI-AOI-TEST-0334.jpeg,47,5,2.09194,1.01276
Images/SPI-AOI-TEST-0335.jpeg,-30,-14,-20.8091,1.0766
Images/SPI-AOI-TEST-0336.jpeg,3,6,-21.4428,0.958857
Images/SPI-AOI-TEST-0337.jpeg,37,-44,3.90366,0.95945
Images/SPI-AOI-TEST-0338.jpeg,-15,-41,8.96996,1.02332
Images/SPI-AOI-TEST-0339.jpeg,6,-16,-9.55799,0.94109
Images/SPI-AOI-TEST-0340.jpeg,-1,20,-19.1731,1.00924
Images/SPI-AOI-TEST-0341.jpeg,-43,44,-21.8836,0.912434
Images/SPI-AOI-TEST-0342.jpeg,17,-37,4.27269,1.0362
Images/SPI-AOI-TEST-0343.jpeg,21,9,-28.5295,0.998784
Images/SPI-AOI-TEST-0344.jpeg,26,-39,-14.0253,1.01483
Images/SPI-AOI-TEST-0345.jpeg,0,3,14.5379,0.944452
Images/SPI-AOI-TEST-0346.jpeg,-19,-5,5.24098,1.03173
Images/SPI-AOI-TEST-0347.jpeg,20,-12,-4.58417,1.0404
Images/SPI-AOI-TEST-0348.jpeg,-44,14,-7.70615,0.982074
Images/SPI-AOI-TEST-0349.jpeg,-19,-47,-2.97846,1.09727
Images/SPI-AOI-TEST-0350.jpeg,-12,17,23.1694,0.960576
Images/SPI-AOI-TEST-0351.jpeg,50,-36,-4.11361,1.08396
Images/SPI-AOI-TEST-0352.jpeg,-33,5,12.3196,1.09005
Images/SPI-AOI-TEST-0353.jpeg,32,15,-2.69378,0.948757
Images/SPI-AOI-TEST-0354.jpeg,30,-25,2.59955,0.936749
Images/SPI-AOI-TEST-0355.jpeg,-43,0,8.80257,1.00465
Images/SPI-AOI-TEST-0356.jpeg,-32,26,-28.9219,0.975248
Images/SPI-AOI-TEST-0357.jpeg,41,8,-27.7557,1.01443
Images/SPI-AOI-TEST-0358.jpeg,-12,-24,-29.8907,0.954694
Images/SPI-AOI-TEST-0359.jpeg,13,-21,-6.31964,1.09205
Images/SPI-AOI-TEST-0360.jpeg,-18,-31,-11.321,1.08021
Images/SPI-AOI-TEST-0361.jpeg,48,36,-14.8299,0.91928
Images/SPI-AOI-TEST-0362.jpeg,18,20,18.4096,1.0112
Images/SPI-AOI-TEST-0363.jpeg,35,-23,18.3165,0.952801
Images/SPI-AOI-TEST-0364.jpeg,-17,20,-5.12521,0.928078
Images/SPI-AOI-TEST-0365.jpeg,27,-33,-4.89829,0.948888
Images/SPI-AOI-TEST-0366.jpeg,-45,5,0.225756,1.05083
Images/SPI-AOI-TEST-0367.jpeg,-15,50,-17.2693,0.923729
Images/SPI-AOI-TEST-0368.jpeg,-41,-29,-25.6598,0.977664
Images/SPI-AOI-TEST-0369.jpeg,-13,-38,-25.5571,1.06863
Images/SPI-AOI-TEST-0370.jpeg,-49,-1,-18.131,1.04451
Images/SPI-AOI-TEST-0371.jpeg,39,46,22.4129,0.915524
Images/SPI-AOI-TEST-0372.jpeg,49,-41,29.2825,1.03725
Images/SPI-AOI-TEST-0373.jpeg,38,18,10.2257,0.992297
Images/SPI-AOI-TEST-0374.jpeg,12,-20,10.9101,0.988274
Images/SPI-AOI-TEST-0375.jpeg,-13,-17,-20.7039,1.09685
Images/SPI-AOI-TEST-0376.jpeg,25,3,-29.9202,0.933822
Images/SPI-AOI-TEST-0377.jpeg,50,39,-4.99147,0.927271
Images/SPI-AOI-TEST-0378.jpeg,-2,25,7.5539,1.05762
Images/SPI-AOI-TEST-0379.jpeg,-4,9,-19.5856,1.04398
Images/SPI-AOI-TEST-0380.jpeg,-12,32,-27.4437,0.93889
Images/SPI-AOI-TEST-0381.jpeg,31,3,12.2014,0.934988
Images/SPI-AOI-TEST-0382.jpeg,-22,41,-29.203,0.977537
Images/SPI-AOI-TEST-0383.jpeg,0,1,-22.2957,0.953368
Images/SPI-AOI-TEST-0384.jpeg,-27,48,-18.0337,1.02146
Images/SPI-AOI-TEST-0385.jpeg,-14,38,11.1458,1.08465
Images/SPI-AOI-TEST-0386.jpeg,-9,20,11.4331,1.04193
Images/SPI-AOI-TEST-0387.jpeg,-49,0,15.1812,0.950626
Images/SPI-AOI-TEST-0388.jpeg,-1,28,-12.5896,0.974004
Images/SPI-AOI-TEST-0389.jpeg,20,-30,-16.2855,0.923285
Images/SPI-AOI-TEST-0390.jpeg,-23,37,-10.1179,1.01164
Images/SPI-AOI-TEST-0391.jpeg,41,-32,17.6818,0.910684
Images/SPI-AOI-TEST-0392.jpeg,17,-40,15.3958,0.934928
Images/SPI-AOI-TEST-0393.jpeg,-40,37,8.83445,1.08585
Images/SPI-AOI-TEST-0394.jpeg,-2,-8,23.1838,1.085
Images/SPI-AOI-TEST-0395.jpeg,8,-1,-0.42034,1.08539
Images/SPI-AOI-TEST-0396.jpeg,27,9,6.16068,1.05018
Images/SPI-AOI-TEST-0397.jpeg,-34,-46,28.1681,0.9226
Images/SPI-AOI-TEST-0398.jpeg,9,33,-8.52725,1.08266
Images/SPI-AOI-TEST-0399.jpeg,-29,31,28.899,1.04952
Images/SPI-AOI-TEST-0400.jpeg,50,23,-28.538,0.998656
Images/SPI-AOI-TEST-0401.jpeg,-12,-34,11.9613,0.963315
Images/SPI-AOI-TEST-0402.jpeg,-34,-28,26.9565,0.910419
Images/SPI-AOI-TEST-0403.jpeg,-29,0,2.6319,0.916389
Images/SPI-AOI-TEST-0404.jpeg,-30,-2,27.7803,0.913081
Images/SPI-AOI-TEST-0405.jpeg,8,45,-14.2867,1.00457
Images/SPI-AOI-TEST-0406.jpeg,-24,-38,5.45181,0.93642
Images/SPI-AOI-TEST-0407.jpeg,-10,-41,-5.10047,0.935626
Images/SPI-AOI-TEST-0408.jpeg,44,-29,8.59019,0.904791
Images/SPI-AOI-TEST-0409.jpeg,8,-31,-0.561065,1.09729
Images/SPI-AOI-TEST-0410.jpeg,19,26,-29.7815,1.08705
Images/SPI-AOI-TEST-0411.jpeg,21,-14,-24.4354,1.05032
Images/SPI-AOI-TEST-0412.jpeg,39,-46,10.8565,1.05441
Images/SPI-AOI-TEST-0413.jpeg,20,11,-3.57548,1.06433
Images/SPI-AOI-TEST-0414.jpeg,46,24,24.8381,1.04642
Images/SPI-AOI-TEST-0415.jpeg,-32,29,0.604105,1.03877
Images/SPI-AOI-TEST-0416.jpeg,33,-41,12.8344,1.04193
Images/SPI-AOI-TEST-0417.jpeg,20,12,-5.95426,0.911714
Images/SPI-AOI-TEST-0418.jpeg,1,9,-11.5257,1.02174
Images/SPI-AOI-TEST-0419.jpeg,-33,-11,-1.19229,1.03169
Images/SPI-AOI-TEST-0420.jpeg,39,-35,15.5146,1.05646
Images/SPI-AOI-TEST-0421.jpeg,-33,2,-16.4742,0.934251
Images/SPI-AOI-TEST-0422.jpeg,39,-27,7.83589,1.06451
Images/SPI-AOI-TEST-0423.jpeg,30,-42,19.5789,1.03135
Images/SPI-AOI-TEST-0424.jpeg,45,38,-28.7125,0.994734
Images/SPI-AOI-TEST-0425.jpeg,-29,-2,14.6174,0.947322
Images/SPI-AOI-TEST-0426.jpeg,32,14,-11.6543,1.07739
Images/SPI-AOI-TEST-0427.jpeg,-42,-30,23.2495,0.929909
Images/SPI-AOI-TEST-0428.jpeg,33,22,24.2733,1.02878
Images/SPI-AOI-TEST-0429.jpeg,42,42,24.1494,1.01545
Images/SPI-AOI-TEST-0430.jpeg,22,-49,-21.8187,0.947321
Images/SPI-AOI-TEST-0431.jpeg,-38,-32,2.88813,1.0165
Images/SPI-AOI-TEST-0432.jpeg,-42,-10,-6.24464,0.938567
Images/SPI-AOI-TEST-0433.jpeg,22,45,-16.8148,0.964441
Images/SPI-AOI-TEST-0434.jpeg,-46,14,-16.3578,0.95774
Images/SPI-AOI-TEST-0435.jpeg,-25,18,-1.57101,0.923755
Images/SPI-AOI-TEST-0436.jpeg,1,-12,28.7934,1.07777
Images/SPI-AOI-TEST-0437.jpeg,-46,0,-16.8474,0.900785
Images/SPI-AOI-TEST-0438.jpeg,44,49,3.36981,0.972986
Images/SPI-AOI-TEST-0439.jpeg,-16,0,-10.1336,0.980478
Images/SPI-AOI-TEST-0440.jpeg,29,33,11.0221,1.05692
Images/SPI-AOI-TEST-0441.jpeg,-14,22,4.32621,1.02345
Images/SPI-AOI-TEST-0442.jpeg,16,46,-28.355,1.01907
Images/SPI-AOI-TEST-0443.jpeg,-18,20,-9.92364,1.05192
Images/SPI-AOI-TEST-0444.jpeg,-36,13,27.8058,0.949075
Images/SPI-AOI-TEST-0445.jpeg,-6,15,-6.86889,0.964482
Images/SPI-AOI-TEST-0446.jpeg,-35,-5,10.0429,1.01233
Images/SPI-AOI-TEST-0447.jpeg,13,49,27.184,1.05217
Images/SPI-AOI-TEST-0448.jpeg,0,-19,22.7452,0.930098
Images/SPI-AOI-TEST-0449.jpeg,-28,50,14.6873,1.0642
Images/SPI-AOI-TEST-0450.jpeg,5,-44,-25.6109,0.906728
Images/SPI-AOI-TEST-0451.jpeg,-32,-46,4.01978,0.964636
Images/SPI-AOI-TEST-0452.jpeg,-33,37,3.64762,0.967299
Images/SPI-AOI-TEST-0453.jpeg,-13,1,4.42062,0.905907
Images/SPI-AOI-TEST-0454.jpeg,-44,-45,-19.6353,0.922753
Images/SPI-AOI-TEST-0455.jpeg,-3,-34,10.7294,0.940335
Images/SPI-AOI-TEST-0456.jpeg,-43,-32,-20.4139,1.07308
Images/SPI-AOI-TEST-0457.jpeg,-4,-27,-18.2885,1.08258
Images/SPI-AOI-TEST-0458.jpeg,-10,-28,-17.5924,0.900656
Images/SPI-AOI-TEST-0459.jpeg,-18,-27,10.7996,0.983255
Images/SPI-AOI-TEST-0460.jpeg,-19,17,-22.8689,0.937907
Images/SPI-AOI-TEST-0461.jpeg,5,-7,18.6171,0.992818
Images/SPI-AOI-TEST-0462.jpeg,14,-10,-10.8391,0.922348
Images/SPI-AOI-TEST-0463.jpeg,37,-4,-15.4419,0.951734
Images/SPI-AOI-TEST-0464.jpeg,26,-31,16.5728,0.908535
Images/SPI-AOI-TEST-0465.jpeg,4,48,-20.9303,1.06496
Images/SPI-AOI-TEST-0466.jpeg,-7,-19,-9.42676,0.948
Images/SPI-AOI-TEST-0467.jpeg,-40,24,4.61883,0.93206
Images/SPI-AOI-TEST-0468.jpeg,28,-43,23.211,1.09639
Images/SPI-AOI-TEST-0469.jpeg,6,-26,-28.3828,1.07501
Images/SPI-AOI-TEST-0470.jpeg,-50,-18,-17.4132,0.900048
Images/SPI-AOI-TEST-0471.jpeg,-39,11,-12.2145,1.09951
Images/SPI-AOI-TEST-0472.jpeg,18,12,7.35127,0.910687
Images/SPI-AOI-TEST-0473.jpeg,36,-33,-22.8549,1.07029
Images/SPI-AOI-TEST-0474.jpeg,48,-28,23.9967,1.02599
Images/SPI-AOI-TEST-0475.jpeg,17,-43,28.0631,1.09198
Images/SPI-AOI-TEST-0476.jpeg,22,-38,28.1425,0.974266
Images/SPI-AOI-TEST-0477.jpeg,13,-19,14.4823,0.966324
Images/SPI-AOI-TEST-0478.jpeg,-16,-12,-1.86423,0.99721
Images/SPI-AOI-TEST-0479.jpeg,-50,37,1.75615,0.978593
Images/SPI-AOI-TEST-0480.jpeg,-41,-25,-14.4915,0.967408
Images/SPI-AOI-TEST-0481.jpeg,40,-50,15.6481,0.982095
Images/SPI-AOI-TEST-0482.jpeg,18,34,-23.856,0.981669
Images/SPI-AOI-TEST-0483.jpeg,7,38,-15.3681,1.01419
Images/SPI-AOI-TEST-0484.jpeg,7,-46,25.1432,1.03339
Images/SPI-AOI-TEST-0485.jpeg,40,17,-25.3266,1.00162
Images/SPI-AOI-TEST-0486.jpeg,2,30,-16.0931,0.950287
Images/SPI-AOI-TEST-0487.jpeg,11,36,7.972,1.03444
Images/SPI-AOI-TEST-0488.jpeg,33,30,-20.6996,1.02547
Images/SPI-AOI-TEST-0489.jpeg,18,34,23.8052,1.06138
Images/SPI-AOI-TEST-0490.jpeg,-47,20,-23.7541,1.08032
Images/SPI-AOI-TEST-0491.jpeg,-19,-26,-14.9281,0.978262
Images/SPI-AOI-TEST-0492.jpeg,-29,-48,12.2061,1.02626
Images/SPI-AOI-TEST-0493.jpeg,-32,-21,23.7732,1.05789
Images/SPI-AOI-TEST-0494.jpeg,40,5,-4.84207,1.03591
Images/SPI-AOI-TEST-0495.jpeg,-5,-1,-0.64507,0.996208
Images/SPI-AOI-TEST-0496.jpeg,-22,-2,14.6591,0.929453
Images/SPI-AOI-TEST-0497.jpeg,-35,-48,3.05988,0.992548
Images/SPI-AOI-TEST-0498.jpeg,-28,-32,-4.69795,0.925597
Images/SPI-AOI-TEST-0499.jpeg,17,-9,28.4002,0.927662
Images/SPI-AOI-TEST-0500.jpeg,-1,49,-10.7269,0.992614
Images/SPI-AOI-TEST-0501.jpeg,-10,44,-28.5417,1.04179
Images/SPI-AOI-TEST-0502.jpeg,44,4,-11.7644,1.0812
Images/SPI-AOI-TEST-0503.jpeg,28,-44,-23.4054,1.0961
Images/SPI-AOI-TEST-0504.jpeg,-23,20,25.7226,1.00218
Images/SPI-AOI-TEST-0505.jpeg,50,-37,5.25728,1.02149
Images/SPI-AOI-TEST-0506.jpeg,-38,14,-2.83577,1.00186
Images/SPI-AOI-TEST-0507.jpeg,5,-43,-14.5326,1.04592
Images/SPI-AOI-TEST-0508.jpeg,-29,-46,-6.43047,0.964873
Images/SPI-AOI-TEST-0509.jpeg,22,-40,0.15263,1.01623
Images/SPI-AOI-TEST-0510.jpeg,-9,37,-9.2664,0.932714
Images/SPI-AOI-TEST-0511.jpeg,-32,-8,11.7652,0.988682
Images/SPI-AOI-TEST-0512.jpeg,1,-42,11.6138,0.958469
Images/SPI-AOI-TEST-0513.jpeg,25,14,16.668,1.04278
Images/SPI-AOI-TEST-0514.jpeg,25,-1,23.1925,0.938849
Images/SPI-AOI-TEST-0515.jpeg,-17,-37,-29.1426,1.08065
Images/SPI-AOI-TEST-0516.jpeg,8,9,-20.4719,1.0487
Images/SPI-AOI-TEST-0517.jpeg,-35,40,-0.121327,0.930231
Images/SPI-AOI-TEST-0518.jpeg,-29,-17,1.01146,1.07037
Images/SPI-AOI-TEST-0519.jpeg,9,-36,-26.1202,1.09512
Images/SPI-AOI-TEST-0520.jpeg,33,23,18.2587,1.03896
Images/SPI-AOI-TEST-0521.jpeg,3,-40,-0.90137,1.04194
Images/SPI-AOI-TEST-0522.jpeg,26,-11,19.6496,0.967041
Images/SPI-AOI-TEST-0523.jpeg,-45,-19,6.20958,1.0662
Images/SPI-AOI-TEST-0524.jpeg,-14,-30,25.9353,0.981452
Images/SPI-AOI-TEST-0525.jpeg,46,-41,-24.2203,0.966315
Images/SPI-AOI-TEST-0526.jpeg,13,0,17.335,0.993763
Images/SPI-AOI-TEST-0527.jpeg,13,0,15.6499,0.916659
Images/SPI-AOI-TEST-0528.jpeg,-22,-32,-1.13818,0.939154
Images/SPI-AOI-TEST-0529.jpeg,-15,10,7.60764,1.00986
Images/SPI-AOI-TEST-0530.jpeg,-14,11,4.38003,1.02634
Images/SPI-AOI-TEST-0531.jpeg,37,8,8.73295,0.99226
Images/SPI-AOI-TEST-0532.jpeg,20,20,-8.30999,0.950422
Images/SPI-AOI-TEST-0533.jpeg,2,33,16.3325,1.05264
Images/SPI-AOI-TEST-0534.jpeg,45,31,-6.42071,0.929729
Images/SPI-AOI-TEST-0535.jpeg,-43,-12,-15.2793,1.00654
Images/SPI-AOI-TEST-0536.jpeg,27,47,24.3026,1.09776
Images/SPI-AOI-TEST-0537.jpeg,-47,-19,4.31688,1.06595
Images/SPI-AOI-TEST-0538.jpeg,-30,20,22.0927,0.932556
Images/SPI-AOI-TEST-0539.jpeg,-46,-17,19.696,0.927744
Images/SPI-AOI-TEST-0540.jpeg,46,1,27.6325,1.01118
Images/SPI-AOI-TEST-0541.jpeg,3,15,11.871,0.902251
Images/SPI-AOI-TEST-0542.jpeg,-10,48,-10.2187,0.984702
Images/SPI-AOI-TEST-0543.jpeg,-10,-8,-8.44949,0.911289
Images/SPI-AOI-TEST-0544.jpeg,38,19,16.9336,1.04445
Images/SPI-AOI-TEST-0545.jpeg,44,-37,-21.1676,0.988579
Images/SPI-AOI-TEST-0546.jpeg,-28,35,-27.2305,0.981402
Images/SPI-AOI-TEST-0547.jpeg,15,-38,24.7558,0.932404
Images/SPI-AOI-TEST-0548.jpeg,17,24,26.559,1.03367
Images/SPI-AOI-TEST-0549.jpeg,38,-14,-27.2533,1.0504
Images/SPI-AOI-TEST-0550.jpeg,41,-1,24.472,0.990706
Images/SPI-AOI-TEST-0551.jpeg,-23,21,6.85411,0.955664
Images/SPI-AOI-TEST-0552.jpeg,9,47,-9.02089,0.927174
Images/SPI-AOI-TEST-0553.jpeg,33,-39,-16.1946,1.09776
Images/SPI-AOI-TEST-0554.jpeg,-15,-41,23.6232,0.986833
Images/SPI-AOI-TEST-0555.jpeg,-34,-19,16.5888,1.06411
Images/SPI-AOI-TEST-0556.jpeg,27,-24,-3.05231,0.991551
Images/SPI-AOI-TEST-0557.jpeg,42,-10,2.52295,0.966107
Images/SPI-AOI-TEST-0558.jpeg,20,-29,-5.46818,1.08611
Images/SPI-AOI-TEST-0559.jpeg,8,-45,0.986379,0.991707
Images/SPI-AOI-TEST-0560.jpeg,-22,-24,23.1948,1.0021
Images/SPI-AOI-TEST-0561.jpeg,5,1,-23.0603,1.02432
Images/SPI-AOI-TEST-0562.jpeg,-40,26,0.091597,0.99371
Images/SPI-AOI-TEST-0563.jpeg,42,50,15.6464,1.09362
Images/SPI-AOI-TEST-0564.jpeg,-19,45,26.6935,0.997044
Images/SPI-AOI-TEST-0565.jpeg,19,28,5.26819,0.918893
Images/SPI-AOI-TEST-0566.jpeg,-15,-24,6.47223,1.01962
Images/SPI-AOI-TEST-0567.jpeg,18,-39,5.29986,1.04462
Images/SPI-AOI-TEST-0568.jpeg,6,-3,27.3174,0.96577
Images/SPI-AOI-TEST-0569.jpeg,-3,26,15.5097,1.05943
Images/SPI-AOI-TEST-0570.jpeg,41,-16,-19.4609,1.05165
Images/SPI-AOI-TEST-0571.jpeg,-47,-7,22.1328,0.980554
Images/SPI-AOI-TEST-0572.jpeg,-44,11,17.0389,1.0484
Images/SPI-AOI-TEST-0573.jpeg,12,-24,6.18024,1.06506
Images/SPI-AOI-TEST-0574.jpeg,-14,-44,-20.1342,1.07153
Images/SPI-AOI-TEST-0575.jpeg,-32,-25,17.5372,0.995339
Images/SPI-AOI-TEST-0576.jpeg,-14,43,20.6322,1.04076
Images/SPI-AOI-TEST-0577.jpeg,-13,-24,23.5792,0.944684
Images/SPI-AOI-TEST-0578.jpeg,29,-37,-3.62351,1.03801
Images/SPI-AOI-TEST-0579.jpeg,-40,35,-18.5881,0.977531
Images/SPI-AOI-TEST-0580.jpeg,-19,40,-1.54815,0.94059
Images/SPI-AOI-TEST-0581.jpeg,42,-27,-6.93085,1.01339
Images/SPI-AOI-TEST-0582.jpeg,-6,32,-19.3054,1.09282
Images/SPI-AOI-TEST-0583.jpeg,-13,-36,14.7896,0.93486
Images/SPI-AOI-TEST-0584.jpeg,-37,-35,29.6923,0.99681
Images/SPI-AOI-TEST-0585.jpeg,-45,15,4.21282,1.03125
Images/SPI-AOI-TEST-0586.jpeg,33,15,21.2608,0.959107
Images/SPI-AOI-TEST-0587.jpeg,-21,11,-26.1682,0.998688
Images/SPI-AOI-TEST-0588.jpeg,36,-29,10.7368,0.971223
Images/SPI-AOI-TEST-0589.jpeg,4,-29,9.18979,1.09494
Images/SPI-AOI-TEST-0590.jpeg,31,6,-13.2608,0.947721
Images/SPI-AOI-TEST-0591.jpeg,10,-34,7.24561,0.912364
Images/SPI-AOI-TEST-0592.jpeg,-5,48,27.3973,0.95536
Images/SPI-AOI-TEST-0593.jpeg,1,11,-22.3704,0.955622
Images/SPI-AOI-TEST-0594.jpeg,16,3,4.36515,1.08142
Images/SPI-AOI-TEST-0595.jpeg,-15,35,5.08905,0.977215
Images/SPI-AOI-TEST-0596.jpeg,-42,-7,4.12925,1.00489
Images/SPI-AOI-TEST-0597.jpeg,-3,-31,21.0591,0.972305
Images/SPI-AOI-TEST-0598.jpeg,29,-5,-8.27401,0.964555
Images/SPI-AOI-TEST-0599.jpeg,-6,34,-6.21177,1.05509
Images/SPI-AOI-TEST-0600.jpeg,27,-26,7.89163,1.0912
Images/SPI-AOI-TEST-0601.jpeg,-1,31,18.1997,0.943495
Images/SPI-AOI-TEST-0602.jpeg,23,41,18.192,0.949268
Images/SPI-AOI-TEST-0603.jpeg,-17,5,-23.8855,1.00083
Images/SPI-AOI-TEST-0604.jpeg,-49,-33,-6.37032,0.908169
Images/SPI-AOI-TEST-0605.jpeg,26,32,5.8211,1.02936
Images/SPI-AOI-TEST-0606.jpeg,36,-25,22.7072,0.964384
Images/SPI-AOI-TEST-0607.jpeg,9,-10,-22.5661,1.06376
Images/SPI-AOI-TEST-0608.jpeg,-49,41,-2.9077,0.945009
Images/SPI-AOI-TEST-0609.jpeg,-3,2,20.6308,0.984124
Images/SPI-AOI-TEST-0610.jpeg,-47,24,-4.6712,0.954476
Images/SPI-AOI-TEST-0611.jpeg,-31,43,-1.61836,1.05219
Images/SPI-AOI-TEST-0612.jpeg,4,18,6.97678,1.09386
Images/SPI-AOI-TEST-0613.jpeg,1,16,-15.5301,0.988696
Images/SPI-AOI-TEST-0614.jpeg,-10,13,11.7524,1.02239
Images/SPI-AOI-TEST-0615.jpeg,-44,31,5.37885,0.946673
Images/SPI-AOI-TEST-0616.jpeg,-23,-6,-2.16157,0.906361
Images/SPI-AOI-TEST-0617.jpeg,49,45,-14.6799,1.05111
Images/SPI-AOI-TEST-0618.jpeg,-25,22,6.50061,0.959379
Images/SPI-AOI-TEST-0619.jpeg,-50,-20,20.3136,1.06414
Images/SPI-AOI-TEST-0620.jpeg,17,-33,17.6388,0.989232
Images/SPI-AOI-TEST-0621.jpeg,13,36,-20.568,1.03061
Images/SPI-AOI-TEST-0622.jpeg,34,-43,-6.94442,0.962255
Images/SPI-AOI-TEST-0623.jpeg,-37,13,-16.7258,0.905964
Images/SPI-AOI-TEST-0624.jpeg,-14,44,1.90498,0.98431
Images/SPI-AOI-TEST-0625.jpeg,30,-21,-11.1858,0.948873
Images/SPI-AOI-TEST-0626.jpeg,0,14,16.4827,1.0341
Images/SPI-AOI-TEST-0627.jpeg,27,15,26.4609,1.07214
Images/SPI-AOI-TEST-0628.jpeg,13,-29,2.6301,1.09685
Images/SPI-AOI-TEST-0629.jpeg,-32,24,9.31766,1.04629
Images/SPI-AOI-TEST-0630.jpeg,-24,28,-3.1121,1.02554
Images/SPI-AOI-TEST-0631.jpeg,-32,38,2.41475,1.05328
Images/SPI-AOI-TEST-0632.jpeg,-20,-50,27.2133,0.956654
Images/SPI-AOI-TEST-0633.jpeg,-30,-25,24.7824,1.01843
Images/SPI-AOI-TEST-0634.jpeg,1,46,15.0758,1.04719
Images/SPI-AOI-TEST-0635.jpeg,-8,-30,2.99842,0.981378
Images/SPI-AOI-TEST-0636.jpeg,11,12,8.38483,1.065
Images/SPI-AOI-TEST-0637.jpeg,-1,43,-6.5661,0.95044
Images/SPI-AOI-TEST-0638.jpeg,4,-34,20.4562,0.967033
Images/SPI-AOI-TEST-0639.jpeg,-48,22,-19.5323,0.980762
Images/SPI-AOI-TEST-0640.jpeg,-10,-46,-20.929,1.08455
Images/SPI-AOI-TEST-0641.jpeg,41,40,-9.27345,0.975172
Images/SPI-AOI-TEST-0642.jpeg,-50,-5,-19.5767,1.03249
Images/SPI-AOI-TEST-0643.jpeg,7,-45,-4.63876,1.0352
Images/SPI-AOI-TEST-0644.jpeg,49,-36,15.0505,1.08763
Images/SPI-AOI-TEST-0645.jpeg,2,38,-26.0116,0.908089
Images/SPI-AOI-TEST-0646.jpeg,29,23,-5.0376,0.92853
Images/SPI-AOI-TEST-0647.jpeg,16,-46,29.7847,0.98475
Images/SPI-AOI-TEST-0648.jpeg,2,29,-3.911,0.953388
Images/SPI-AOI-TEST-0649.jpeg,39,-9,27.8078,1.05548
Images/SPI-AOI-TEST-0650.jpeg,21,4,-13.327,1.07486
Images/SPI-AOI-TEST-0651.jpeg,-14,36,-0.170687,1.05732
Images/SPI-AOI-TEST-0652.jpeg,7,39,29.6906,0.983429
Images/SPI-AOI-TEST-0653.jpeg,22,50,-11.7625,0.906135
Images/SPI-AOI-TEST-0654.jpeg,20,23,17.6899,1.01446
Images/SPI-AOI-TEST-0655.jpeg,15,1,29.4825,1.04765
Images/SPI-AOI-TEST-0656.jpeg,-19,13,-19.0251,1.06768
Images/SPI-AOI-TEST-0657.jpeg,26,-3,-1.62369,0.943308
Images/SPI-AOI-TEST-0658.jpeg,-4,22,13.5874,0.945384
Images/SPI-AOI-TEST-0659.jpeg,-39,-36,16.3623,1.08877
Images/SPI-AOI-TEST-0660.jpeg,-23,27,27.2387,0.954531
Images/SPI-AOI-TEST-0661.jpeg,21,-11,7.5741,0.908466
Images/SPI-AOI-TEST-0662.jpeg,-36,10,-11.6472,1.06111
Images/SPI-AOI-TEST-0663.jpeg,-47,-10,-21.9448,1.07612
Images/SPI-AOI-TEST-0664.jpeg,-10,15,22.4722,0.962199
Images/SPI-AOI-TEST-0665.jpeg,45,-38,5.80066,0.993017
Images/SPI-AOI-TEST-0666.jpeg,20,-6,-14.7647,1.02835
Images/SPI-AOI-TEST-0667.jpeg,-2,9,-3.28992,0.938345
Images/SPI-AOI-TEST-0668.jpeg,-27,33,-17.7801,0.928996
Images/SPI-AOI-TEST-0669.jpeg,41,46,4.66063,1.0432
Images/SPI-AOI-TEST-0670.jpeg,-15,18,-10.8946,0.999198
Images/SPI-AOI-TEST-0671.jpeg,-39,-40,2.23676,1.0774
Images/SPI-AOI-TEST-0672.jpeg,24,16,-10.0686,0.971931
Images/SPI-AOI-TEST-0673.jpeg,-33,-38,4.91684,0.97913
Images/SPI-AOI-TEST-0674.jpeg,0,-9,-0.873485,1.05807
Images/SPI-AOI-TEST-0675.jpeg,33,-27,-1.83594,1.07787
Images/SPI-AOI-TEST-0676.jpeg,50,20,-29.8238,1.0307
Images/SPI-AOI-TEST-0677.jpeg,48,-24,24.1585,0.929222
Images/SPI-AOI-TEST-0678.jpeg,-1,19,-1.73884,0.902975
Images/SPI-AOI-TEST-0679.jpeg,-13,43,-27.9834,1.04336
Images/SPI-AOI-TEST-0680.jpeg,-8,40,-3.99578,1.00583
Images/SPI-AOI-TEST-0681.jpeg,2,1,-14.7106,1.01548
Images/SPI-AOI-TEST-0682.jpeg,-50,47,-16.3085,1.03339
Images/SPI-AOI-TEST-0683.jpeg,0,45,-19.0567,0.900054
Images/SPI-AOI-TEST-0684.jpeg,40,-30,5.77131,0.918822
Images/SPI-AOI-TEST-0685.jpeg,-48,49,6.45441,1.01503
Images/SPI-AOI-TEST-0686.jpeg,5,13,10.1019,0.948621
Images/SPI-AOI-TEST-0687.jpeg,3,26,24.2447,1.0785
Images/SPI-AOI-TEST-0688.jpeg,25,-34,-10.3553,1.08847
Images/SPI-AOI-TEST-0689.jpeg,-10,-23,14.7098,0.928355
Images/SPI-AOI-TEST-0690.jpeg,20,-40,-2.39882,1.01816
Images/SPI-AOI-TEST-0691.jpeg,-31,-21,24.9864,0.934167
Images/SPI-AOI-TEST-0692.jpeg,-17,-8,14.4907,1.0799
Images/SPI-AOI-TEST-0693.jpeg,6,-45,15.9208,1.09901
Images/SPI-AOI-TEST-0694.jpeg,-24,36,26.1661,1.0344
Images/SPI-AOI-TEST-0695.jpeg,37,-10,22.4114,1.01293
Images/SPI-AOI-TEST-0696.jpeg,-20,-50,13.3503,0.965552
Images/SPI-AOI-TEST-0697.jpeg,-19,32,-17.7499,1.09826
Images/SPI-AOI-TEST-0698.jpeg,46,-12,-1.73736,1.0038
Images/SPI-AOI-TEST-0699.jpeg,-12,-47,5.44288,1.07259
Images/SPI-AOI-TEST-0700.jpeg,23,-18,-13.4459,0.961098
Images/SPI-AOI-TEST-0701.jpeg,-50,10,3.99916,1.07626
Images/SPI-AOI-TEST-0702.jpeg,-34,-37,6.00072,0.92923
Images/SPI-AOI-TEST-0703.jpeg,-7,-3,8.1307,1.04648
Images/SPI-AOI-TEST-0704.jpeg,12,-12,-26.9115,0.951702
Images/SPI-AOI-TEST-0705.jpeg,-11,31,-20.9677,0.970045
Images/SPI-AOI-TEST-0706.jpeg,11,37,22.6259,0.926939
Images/SPI-AOI-TEST-0707.jpeg,19,42,-24.7223,1.06735
Images/SPI-AOI-TEST-0708.jpeg,49,-33,23.8574,1.0894
Images/SPI-AOI-TEST-0709.jpeg,-18,-30,-13.5224,0.916907
Images/SPI-AOI-TEST-0710.jpeg,-22,-47,16.5579,1.05737
Images/SPI-AOI-TEST-0711.jpeg,15,-47,6.67828,0.993281
Images/SPI-AOI-TEST-0712.jpeg,34,-4,-3.34285,0.932448
Images/SPI-AOI-TEST-0713.jpeg,49,1,-1.01293,1.00789
Images/SPI-AOI-TEST-0714.jpeg,-37,34,-21.8701,1.0035
Images/SPI-AOI-TEST-0715.jpeg,38,-8,23.3664,1.00417
Images/SPI-AOI-TEST-0716.jpeg,-11,22,21.2354,0.982838
Images/SPI-AOI-TEST-0717.jpeg,2,11,14.1856,0.953496
Images/SPI-AOI-TEST-0718.jpeg,-8,2,14.3856,0.907737
Images/SPI-AOI-TEST-0719.jpeg,30,-31,13.9714,1.00786
Images/SPI-AOI-TEST-0720.jpeg,31,-47,1.7313,0.93699
Images/SPI-AOI-TEST-0721.jpeg,-21,-34,-21.5043,0.969326
Images/SPI-AOI-TEST-0722.jpeg,-3,28,26.1733,0.905681
Images/SPI-AOI-TEST-0723.jpeg,-42,38,0.780987,0.967597
Images/SPI-AOI-TEST-0724.jpeg,16,13,18.999,1.04602
Images/SPI-AOI-TEST-0725.jpeg,35,-11,25.7853,1.0684
Images/SPI-AOI-TEST-0726.jpeg,-25,-17,-26.0053,0.900166
Images/SPI-AOI-TEST-0727.jpeg,23,27,13.7795,0.959281
Images/SPI-AOI-TEST-0728.jpeg,50,-14,15.6166,1.07986
Images/SPI-AOI-TEST-0729.jpeg,39,-28,-3.29764,1.08263
Images/SPI-AOI-TEST-0730.jpeg,11,50,-16.7085,1.0927
Images/SPI-AOI-TEST-0731.jpeg,10,50,5.19428,0.916343
Images/SPI-AOI-TEST-0732.jpeg,30,-33,-6.12389,0.908861
Images/SPI-AOI-TEST-0733.jpeg,16,-18,22.9759,1.00693
Images/SPI-AOI-TEST-0734.jpeg,-1,13,7.69922,1.04483
Images/SPI-AOI-TEST-0735.jpeg,25,-5,3.67208,1.09227
Images/SPI-AOI-TEST-0736.jpeg,-45,0,4.94293,1.03613
Images/SPI-AOI-TEST-0737.jpeg,37,5,2.07448,0.968841
Images/SPI-AOI-TEST-0738.jpeg,-46,19,-26.796,0.922023
Images/SPI-AOI-TEST-0739.jpeg,29,-32,10.9921,1.01626
Images/SPI-AOI-TEST-0740.jpeg,0,3,21.554,0.961199
Images/SPI-AOI-TEST-0741.jpeg,-18,3,-2.59414,1.02268
Images/SPI-AOI-TEST-0742.jpeg,-12,16,-20.1471,0.908881
Images/SPI-AOI-TEST-0743.jpeg,-42,35,-29.8658,0.996987
Images/SPI-AOI-TEST-0744.jpeg,-32,4,26.2134,0.9668
Images/SPI-AOI-TEST-0745.jpeg,6,17,12.2189,0.900884
Images/SPI-AOI-TEST-0746.jpeg,43,-16,14.1282,0.948788
Images/SPI-AOI-TEST-0747.jpeg,23,29,-29.7944,0.904311
Images/SPI-AOI-TEST-0748.jpeg,-9,18,6.78304,0.91779
Images/SPI-AOI-TEST-0749.jpeg,19,-29,11.8782,0.923807
Images/SPI-AOI-TEST-0750.jpeg,5,-20,-5.11648,0.949139
Images/SPI-AOI-TEST-0751.jpeg,-39,-3,11.2814,0.959218
Images/SPI-AOI-TEST-0752.jpeg,-7,-23,1.04618,1.02989
Images/SPI-AOI-TEST-0753.jpeg,33,2,-0.0273323,0.976763
Images/SPI-AOI-TEST-0754.jpeg,26,-48,-0.547501,0.97117
Images/SPI-AOI-TEST-0755.jpeg,19,49,-29.1324,1.01942
Images/SPI-AOI-TEST-0756.jpeg,50,-45,7.23211,0.955798
Images/SPI-AOI-TEST-0757.jpeg,-24,34,-0.462481,1.00481
Images/SPI-AOI-TEST-0758.jpeg,-29,-33,25.1186,1.04678
Images/SPI-AOI-TEST-0759.jpeg,39,2,7.52337,0.959706
Images/SPI-AOI-TEST-0760.jpeg,36,-6,-17.3464,0.958398
Images/SPI-AOI-TEST-0761.jpeg,-47,23,-24.8404,0.91706
Images/SPI-AOI-TEST-0762.jpeg,-35,38,15.4379,0.915923
Images/SPI-AOI-TEST-0763.jpeg,-50,27,25.8184,0.922142
Images/SPI-AOI-TEST-0764.jpeg,-13,-10,5.24453,1.05808
Images/SPI-AOI-TEST-0765.jpeg,-4,3,25.131,0.921646
Images/SPI-AOI-TEST-0766.jpeg,17,5,7.35271,0.913258
Images/SPI-AOI-TEST-0767.jpeg,-26,7,4.4412,1.07888
Images/SPI-AOI-TEST-0768.jpeg,35,28,0.0402207,0.958608
Images/SPI-AOI-TEST-0769.jpeg,-47,-50,-15.823,1.03444
Images/SPI-AOI-TEST-0770.jpeg,-33,3,-17.9863,1.07205
Images/SPI-AOI-TEST-0771.jpeg,-12,-37,-21.5056,0.966546
Images/SPI-AOI-TEST-0772.jpeg,10,3,28.8425,0.935219
Images/SPI-AOI-TEST-0773.jpeg,-44,-14,24.6714,0.967902
Images/SPI-AOI-TEST-0774.jpeg,37,-45,-7.57598,1.09448
Images/SPI-AOI-TEST-0775.jpeg,-6,-47,-28.8267,1.00457
Images/SPI-AOI-TEST-0776.jpeg,30,35,10.2774,0.924295
Images/SPI-AOI-TEST-0777.jpeg,-45,-38,29.6538,1.02729
Images/SPI-AOI-TEST-0778.jpeg,28,28,5.22402,0.943836
Images/SPI-AOI-TEST-0779.jpeg,33,7,-16.7997,0.92438
Images/SPI-AOI-TEST-0780.jpeg,-6,48,-14.0124,0.953627
Images/SPI-AOI-TEST-0781.jpeg,-45,19,-4.5025,1.07454
Images/SPI-AOI-TEST-0782.jpeg,-38,-27,-2.1761,0.931202
Images/SPI-AOI-TEST-0783.jpeg,30,1,-1.67704,0.959732
Images/SPI-AOI-TEST-0784.jpeg,26,-20,-19.3905,1.03462
Images/SPI-AOI-TEST-0785.jpeg,31,-49,9.37742,1.05725
Images/SPI-AOI-TEST-0786.jpeg,25,24,18.4158,0.928293
Images/SPI-AOI-TEST-0787.jpeg,-26,4,-4.21186,0.927287
Images/SPI-AOI-TEST-0788.jpeg,33,2,-9.65776,0.942245
Images/SPI-AOI-TEST-0789.jpeg,3,-47,25.0728,0.955124
Images/SPI-AOI-TEST-0790.jpeg,-16,12,-2.9235,0.968167
Images/SPI-AOI-TEST-0791.jpeg,18,-34,18.0117,0.954116
Images/SPI-AOI-TEST-0792.jpeg,7,32,11.9608,0.970058
Images/SPI-AOI-TEST-0793.jpeg,8,39,2.16059,1.0509
Images/SPI-AOI-TEST-0794.jpeg,15,6,-11.0549,0.943389
Images/SPI-AOI-TEST-0795.jpeg,-34,-40,-29.1659,1.03125
Images/SPI-AOI-TEST-0796.jpeg,-23,-4,11.467,1.00227
Images/SPI-AOI-TEST-0797.jpeg,29,-17,-18.2251,0.967672
Images/SPI-AOI-TEST-0798.jpeg,-48,12,22.8712,0.953204
Images/SPI-AOI-TEST-0799.jpeg,20,-20,26.4667,1.02434
Images/SPI-AOI-TEST-0800.jpeg,5,39,1.28067,0.988544
Images/SPI-AOI-TEST-0801.jpeg,-29,28,4.78878,1.05169
Images/SPI-AOI-TEST-0802.jpeg,-48,38,-8.32663,0.906336
Images/SPI-AOI-TEST-0803.jpeg,-16,2,8.97017,1.02872
Images/SPI-AOI-TEST-0804.jpeg,-34,21,8.7777,1.05272
Images/SPI-AOI-TEST-0805.jpeg,-43,49,29.5681,0.91934
Images/SPI-AOI-TEST-0806.jpeg,21,-4,13.3509,0.969121
Images/SPI-AOI-TEST-0807.jpeg,6,39,10.3944,1.06871
Images/SPI-AOI-TEST-0808.jpeg,10,-28,-10.4129,1.08801
Images/SPI-AOI-TEST-0809.jpeg,-12,43,-23.5776,1.08394
Images/SPI-AOI-TEST-0810.jpeg,-43,-47,-3.59573,1.0753
Images/SPI-AOI-TEST-0811.jpeg,-6,-5,-3.02083,0.962418
Images/SPI-AOI-TEST-0812.jpeg,25,17,-7.91368,0.913944
Images/SPI-AOI-TEST-0813.jpeg,26,-5,-28.0009,0.93802
Images/SPI-AOI-TEST-0814.jpeg,30,37,-16.0851,0.926773
Images/SPI-AOI-TEST-0815.jpeg,49,0,-3.89668,1.02051
Images/SPI-AOI-TEST-0816.jpeg,-9,-42,10.6989,0.990955
Images/SPI-AOI-TEST-0817.jpeg,-33,-1,23.4132,1.05241
Images/SPI-AOI-TEST-0818.jpeg,-2,17,2.8336,0.918048
Images/SPI-AOI-TEST-0819.jpeg,-50,-5,23.7213,1.01495
Images/SPI-AOI-TEST-0820.jpeg,-17,48,21.0768,1.04668
Images/SPI-AOI-TEST-0821.jpeg,-9,-12,16.0538,0.934417
Images/SPI-AOI-TEST-0822.jpeg,38,13,15.2765,0.96006
Images/SPI-AOI-TEST-0823.jpeg,32,13,-0.204764,1.0884
Images/SPI-AOI-TEST-0824.jpeg,19,32,5.04604,0.942355
Images/SPI-AOI-TEST-0825.jpeg,26,2,5.22355,1.02357
Images/SPI-AOI-TEST-0826.jpeg,-21,4,0.549921,0.928809
Images/SPI-AOI-TEST-0827.jpeg,6,50,20.6301,0.902845
Images/SPI-AOI-TEST-0828.jpeg,13,32,15.9057,0.935707
Images/SPI-AOI-TEST-0829.jpeg,-26,1,29.4805,0.938401
Images/SPI-AOI-TEST-0830.jpeg,-32,14,16.6235,0.99892
Images/SPI-AOI-TEST-0831.jpeg,-47,24,-12.7162,0.958337
Images/SPI-AOI-TEST-0832.jpeg,10,20,-11.5912,1.08623
Images/SPI-AOI-TEST-0833.jpeg,-17,-18,-5.6894,1.00944
Images/SPI-AOI-TEST-0834.jpeg,1,-50,-4.75332,0.945873
Images/SPI-AOI-TEST-0835.jpeg,-25,43,10.9937,0.985424
Images/SPI-AOI-TEST-0836.jpeg,-12,42,18.425,0.993341
Images/SPI-AOI-TEST-0837.jpeg,-23,-33,25.1014,0.900686
Images/SPI-AOI-TEST-0838.jpeg,30,5,-12.4966,1.03468
Images/SPI-AOI-TEST-0839.jpeg,-44,1,0.654485,1.05117
Images/SPI-AOI-TEST-0840.jpeg,9,-24,-20.6829,0.958112
Images/SPI-AOI-TEST-0841.jpeg,-7,36,-19.0561,0.971324
Images/SPI-AOI-TEST-0842.jpeg,41,19,-21.8741,1.02068
Images/SPI-AOI-TEST-0843.jpeg,-29,32,9.4881,1.04476
Images/SPI-AOI-TEST-0844.jpeg,-16,3,7.72687,1.00594
Images/SPI-AOI-TEST-0845.jpeg,31,37,22.0298,1.05266
Images/SPI-AOI-TEST-0846.jpeg,48,-32,-22.8914,1.01277
Images/SPI-AOI-TEST-0847.jpeg,-20,31,23.0798,1.0533
Images/SPI-AOI-TEST-0848.jpeg,47,3,14.6285,0.913469
Images/SPI-AOI-TEST-0849.jpeg,3,-36,-12.1795,0.942277
Images/SPI-AOI-TEST-0850.jpeg,-25,-10,-25.6216,1.09903
Images/SPI-AOI-TEST-0851.jpeg,-31,30,12.9021,0.968743
Images/SPI-AOI-TEST-0852.jpeg,8,23,28.0003,0.903733
Images/SPI-AOI-TEST-0853.jpeg,14,-22,7.77707,1.02975
Images/SPI-AOI-TEST-0854.jpeg,-1,13,-19.3229,0.911441
Images/SPI-AOI-TEST-0855.jpeg,39,31,1.54878,0.970972
Images/SPI-AOI-TEST-0856.jpeg,35,4,12.7473,0.988107
Images/SPI-AOI-TEST-0857.jpeg,-26,-25,-7.96799,1.08632
Images/SPI-AOI-TEST-0858.jpeg,-50,-10,-20.2617,0.936589
Images/SPI-AOI-TEST-0859.jpeg,36,14,-17.158,0.994366
Images/SPI-AOI-TEST-0860.jpeg,40,-38,9.35795,0.928502
Images/SPI-AOI-TEST-0861.jpeg,-17,-50,-23.8986,1.056
Images/SPI-AOI-TEST-0862.jpeg,-17,-26,-20.1427,0.986708
Images/SPI-AOI-TEST-0863.jpeg,29,38,-5.92992,1.00926
Images/SPI-AOI-TEST-0864.jpeg,37,28,19.0639,0.930408
Images/SPI-AOI-TEST-0865.jpeg,42,-49,-1.01753,1.05767
Images/SPI-AOI-TEST-0866.jpeg,-35,18,5.29463,0.97079
Images/SPI-AOI-TEST-0867.jpeg,0,-32,10.4086,0.965761
Images/SPI-AOI-TEST-0868.jpeg,-24,-46,-15.64,0.976322
Images/SPI-AOI-TEST-0869.jpeg,-25,5,18.8988,1.03375
Images/SPI-AOI-TEST-0870.jpeg,2,10,24.3525,0.913475
Images/SPI-AOI-TEST-0871.jpeg,10,-38,7.43054,0.942202
Images/SPI-AOI-TEST-0872.jpeg,6,21,14.2675,0.998437
Images/SPI-AOI-TEST-0873.jpeg,19,23,27.2755,0.951601
Images/SPI-AOI-TEST-0874.jpeg,-20,-10,19.2899,0.99868
Images/SPI-AOI-TEST-0875.jpeg,-40,1,29.875,1.02478
Images/SPI-AOI-TEST-0876.jpeg,-12,23,-16.7103,1.07274
Images/SPI-AOI-TEST-0877.jpeg,-21,-8,6.80142,1.03039
Images/SPI-AOI-TEST-0878.jpeg,23,41,-10.8735,1.04182
Images/SPI-AOI-TEST-0879.jpeg,-41,-30,29.7107,0.946023
Images/SPI-AOI-TEST-0880.jpeg,-31,37,-21.0169,1.05628
Images/SPI-AOI-TEST-0881.jpeg,-11,-31,14.5602,0.948249
Images/SPI-AOI-TEST-0882.jpeg,4,6,19.7549,0.931196
Images/SPI-AOI-TEST-0883.jpeg,-47,-22,-23.1482,0.966518
Images/SPI-AOI-TEST-0884.jpeg,19,-2,24.5862,0.909588
Images/SPI-AOI-TEST-0885.jpeg,-29,-18,-10.6776,1.01062
Images/SPI-AOI-TEST-0886.jpeg,-13,44,26.9898,0.914727
Images/SPI-AOI-TEST-0887.jpeg,37,-47,-11.8085,0.98077
Images/SPI-AOI-TEST-0888.jpeg,50,-49,-16.6662,1.00181
Images/SPI-AOI-TEST-0889.jpeg,27,-8,16.3905,0.988097
Images/SPI-AOI-TEST-0890.jpeg,11,20,13.0278,0.988661
Images/SPI-AOI-TEST-0891.jpeg,9,-32,25.5963,1.00257
Images/SPI-AOI-TEST-0892.jpeg,-2,-20,-23.4725,0.953874
Images/SPI-AOI-TEST-0893.jpeg,-38,24,15.6112,0.968226
Images/SPI-AOI-TEST-0894.jpeg,4,-8,0.57011,1.06367
Images/SPI-AOI-TEST-0895.jpeg,-49,1,4.45011,0.968161
Images/SPI-AOI-TEST-0896.jpeg,-22,-23,-21.3674,0.930136
Images/SPI-AOI-TEST-0897.jpeg,-15,13,-11.6393,1.06417
Images/SPI-AOI-TEST-0898.jpeg,22,-2,-23.345,0.939852
Images/SPI-AOI-TEST-0899.jpeg,-2,35,-23.7853,1.06129
Images/SPI-AOI-TEST-0900.jpeg,-35,8,11.9378,1.05531
Images/SPI-AOI-TEST-0901.jpeg,-3,-49,-5.18916,1.02715
Images/SPI-AOI-TEST-0902.jpeg,-38,39,16.1626,1.02505
Images/SPI-AOI-TEST-0903.jpeg,48,1,18.4743,0.987337
Images/SPI-AOI-TEST-0904.jpeg,34,-5,-21.5276,1.09388
Images/SPI-AOI-TEST-0905.jpeg,-17,1,-27.2403,0.957954
Images/SPI-AOI-TEST-0906.jpeg,-1,-17,-1.00343,1.04662
Images/SPI-AOI-TEST-0907.jpeg,15,21,18.5813,1.07504
Images/SPI-AOI-TEST-0908.jpeg,-40,38,7.46698,1.09811
Images/SPI-AOI-TEST-0909.jpeg,-45,9,23.3698,0.934022
Images/SPI-AOI-TEST-0910.jpeg,36,21,-24.9365,1.07744
Images/SPI-AOI-TEST-0911.jpeg,-29,-24,-25.7265,0.94023
Images/SPI-AOI-TEST-0912.jpeg,32,16,12.7042,0.993828
Images/SPI-AOI-TEST-0913.jpeg,47,37,-13.5901,1.05474
Images/SPI-AOI-TEST-0914.jpeg,-3,11,7.79968,0.985209
Images/SPI-AOI-TEST-0915.jpeg,11,31,-26.4845,0.94052
Images/SPI-AOI-TEST-0916.jpeg,1,-14,-25.2792,0.978818
Images/SPI-AOI-TEST-0917.jpeg,10,2,2.40278,1.00177
Images/SPI-AOI-TEST-0918.jpeg,41,34,-16.2675,1.08979
Images/SPI-AOI-TEST-0919.jpeg,11,-28,1.3859,0.985181
Images/SPI-AOI-TEST-0920.jpeg,-8,-30,16.8245,0.979987
Images/SPI-AOI-TEST-0921.jpeg,7,49,23.0629,0.985396
Images/SPI-AOI-TEST-0922.jpeg,43,-43,-22.332,0.951092
Images/SPI-AOI-TEST-0923.jpeg,-3,49,-29.5377,1.03208
Images/SPI-AOI-TEST-0924.jpeg,-25,36,24.2109,0.921349
Images/SPI-AOI-TEST-0925.jpeg,-4,16,-16.7229,1.06916
Images/SPI-AOI-TEST-0926.jpeg,-37,48,12.4161,1.02101
Images/SPI-AOI-TEST-0927.jpeg,32,11,-21.4554,1.09921
Images/SPI-AOI-TEST-0928.jpeg,32,2,-6.41961,0.900966
Images/SPI-AOI-TEST-0929.jpeg,-40,50,12.7627,1.05678
Images/SPI-AOI-TEST-0930.jpeg,46,-38,25.3562,1.01771
Images/SPI-AOI-TEST-0931.jpeg,-26,14,-5.8804,0.975224
Images/SPI-AOI-TEST-0932.jpeg,13,18,-23.9873,0.954605
Images/SPI-AOI-TEST-0933.jpeg,-24,-36,0.687028,0.921389
Images/SPI-AOI-TEST-0934.jpeg,13,40,28.3208,1.09378
Images/SPI-AOI-TEST-0935.jpeg,-1,-22,24.9653,1.09404
Images/SPI-AOI-TEST-0936.jpeg,-2,-35,3.12959,0.984734
Images/SPI-AOI-TEST-0937.jpeg,49,36,10.8109,0.94424
Images/SPI-AOI-TEST-0938.jpeg,-7,32,14.6272,1.05346
Images/SPI-AOI-TEST-0939.jpeg,-30,5,24.6846,0.915795
Images/SPI-AOI-TEST-0940.jpeg,-18,-10,-9.95188,1.02004
Images/SPI-AOI-TEST-0941.jpeg,14,-28,1.96798,0.975245
Images/SPI-AOI-TEST-0942.jpeg,-44,-33,-10.8696,0.925143
Images/SPI-AOI-TEST-0943.jpeg,6,50,-8.63086,1.02875
Images/SPI-AOI-TEST-0944.jpeg,45,8,-29.0283,0.988884
Images/SPI-AOI-TEST-0945.jpeg,11,-15,-3.33074,0.981733
Images/SPI-AOI-TEST-0946.jpeg,5,-45,23.1331,0.942417
Images/SPI-AOI-TEST-0947.jpeg,29,29,-21.2847,0.90373
Images/SPI-AOI-TEST-0948.jpeg,-49,27,1.06505,1.09141
Images/SPI-AOI-TEST-0949.jpeg,18,43,-17.9245,0.906506
Images/SPI-AOI-TEST-0950.jpeg,48,-42,-15.0492,1.02025
Images/SPI-AOI-TEST-0951.jpeg,-50,15,-25.0033,1.00828
Images/SPI-AOI-TEST-0952.jpeg,-36,-34,21.357,1.08154
Images/SPI-AOI-TEST-0953.jpeg,35,22,12.3778,1.00102
Images/SPI-AOI-TEST-0954.jpeg,-17,22,-7.84212,0.930417
Images/SPI-AOI-TEST-0955.jpeg,38,-42,-15.9345,1.06522
Images/SPI-AOI-TEST-0956.jpeg,-31,-29,27.2645,0.920764
Images/SPI-AOI-TEST-0957.jpeg,-31,-24,-5.6131,1.03871
Images/SPI-AOI-TEST-0958.jpeg,0,45,25.4116,0.946046
Images/SPI-AOI-TEST-0959.jpeg,-41,33,-4.96161,0.969819
Images/SPI-AOI-TEST-0960.jpeg,-13,-40,6.78855,1.07297
Images/SPI-AOI-TEST-0961.jpeg,8,45,20.592,1.08097
Images/SPI-AOI-TEST-0962.jpeg,10,47,-25.8146,0.951894
Images/SPI-AOI-TEST-0963.jpeg,2,-49,-27.9785,0.946467
Images/SPI-AOI-TEST-0964.jpeg,23,31,20.6686,0.910174
Images/SPI-AOI-TEST-0965.jpeg,-47,-4,9.23692,1.03768
Images/SPI-AOI-TEST-0966.jpeg,47,13,3.75065,1.01273
Images/SPI-AOI-TEST-0967.jpeg,32,43,16.6176,0.939245
Images/SPI-AOI-TEST-0968.jpeg,-28,0,-11.0849,0.951628
Images/SPI-AOI-TEST-0969.jpeg,6,-28,3.61668,1.08601
Images/SPI-AOI-TEST-0970.jpeg,1,14,-9.3475,1.08813
Images/SPI-AOI-TEST-0971.jpeg,-19,50,-25.4656,1.04406
Images/SPI-AOI-TEST-0972.jpeg,-9,8,-26.1419,1.00766
Images/SPI-AOI-TEST-0973.jpeg,-10,-33,-8.88431,0.963255
Images/SPI-AOI-TEST-0974.jpeg,29,49,17.773,0.975672
Images/SPI-AOI-TEST-0975.jpeg,3,24,27.5347,0.95999
Images/SPI-AOI-TEST-0976.jpeg,-27,34,10.8073,1.08332
Images/SPI-AOI-TEST-0977.jpeg,5,-26,15.2569,1.02118
Images/SPI-AOI-TEST-0978.jpeg,50,-2,-5.66541,1.08217
Images/SPI-AOI-TEST-0979.jpeg,35,-14,-14.7755,1.03326
Images/SPI-AOI-TEST-0980.jpeg,-2,-45,-14.9961,0.905179
Images/SPI-AOI-TEST-0981.jpeg,-24,-33,8.87333,1.06229
Images/SPI-AOI-TEST-0982.jpeg,27,17,-21.0329,1.04032
Images/SPI-AOI-TEST-0983.jpeg,-33,-3,29.9668,1.06642
Images/SPI-AOI-TEST-0984.jpeg,48,-33,-16.6446,1.00849
Images/SPI-AOI-TEST-0985.jpeg,34,23,-27.545,0.920596
Images/SPI-AOI-TEST-0986.jpeg,-18,5,2.4809,1.00163
Images/SPI-AOI-TEST-0987.jpeg,-19,1,10.4056,1.0697
Images/SPI-AOI-TEST-0988.jpeg,33,-3,22.1106,1.00118
Images/SPI-AOI-TEST-0989.jpeg,-9,33,-25.7897,0.918555
Images/SPI-AOI-TEST-0990.jpeg,23,0,7.81752,1.0305
Images/SPI-AOI-TEST-0991.jpeg,-13,24,-22.3624,0.924307
Images/SPI-AOI-TEST-0992.jpeg,26,50,-11.5636,0.999755
Images/SPI-AOI-TEST-0993.jpeg,7,-13,-28.9629,0.929425
Images/SPI-AOI-TEST-0994.jpeg,11,-34,2.02499,1.00716
Images/SPI-AOI-TEST-0995.jpeg,-29,0,-22.0491,0.915418
Images/SPI-AOI-TEST-0996.jpeg,40,-36,12.1216,1.06895
Images/SPI-AOI-TEST-0997.jpeg,34,-45,-8.21893,0.900762
Images/SPI-AOI-TEST-0998.jpeg,-14,0,-25.1007,1.0081
Images/SPI-AOI-TEST-0999.jpeg,-22,-14,28.4895,1.04671
